{
  "n_estimators": 564,
  "max_depth": 5,
  "learning_rate": 0.06537751123993463,
  "subsample": 0.5257652580107238,
  "colsample_bytree": 0.6985193755277965,
  "min_child_samples": 169,
  "reg_alpha": 0.3508046499647956,
  "reg_lambda": 2.9992036276743748
}