{
  "n_estimators": 523,
  "max_depth": 4,
  "learning_rate": 0.058946679514780234,
  "subsample": 0.7133493124571476,
  "colsample_bytree": 0.6234911051244917,
  "min_child_samples": 198,
  "reg_alpha": 0.4404911858662496,
  "reg_lambda": 1.3413407483013575
}