{
  "n_estimators": 360,
  "max_depth": 4,
  "learning_rate": 0.061088282791324014,
  "subsample": 0.5545348598486282,
  "colsample_bytree": 0.424151975331726,
  "min_child_samples": 133,
  "reg_alpha": 0.0957124223714482,
  "reg_lambda": 2.0259747462389406
}