{
  "n_estimators": 225,
  "max_depth": 4,
  "learning_rate": 0.050976568485185184,
  "subsample": 0.6583898019285641,
  "colsample_bytree": 0.5461229488154162,
  "min_child_samples": 79,
  "reg_alpha": 0.27323380812636044,
  "reg_lambda": 1.7954425026140484
}