{
  "n_estimators": 328,
  "max_depth": 4,
  "learning_rate": 0.05156659358472325,
  "subsample": 0.7469634561045538,
  "colsample_bytree": 0.605013638714194,
  "min_child_samples": 175,
  "reg_alpha": 0.4280166596392431,
  "reg_lambda": 3.640222004379391
}