{
  "n_estimators": 569,
  "max_depth": 4,
  "learning_rate": 0.06935795917952721,
  "subsample": 0.5052282324037082,
  "colsample_bytree": 0.6945421789635932,
  "min_child_samples": 198,
  "reg_alpha": 0.02634711670045579,
  "reg_lambda": 3.0669925446990116
}