{
  "n_estimators": 436,
  "max_depth": 5,
  "learning_rate": 0.04158066285504636,
  "subsample": 0.712914417938483,
  "colsample_bytree": 0.6831703328902199,
  "min_child_samples": 150,
  "reg_alpha": 0.020712242018518397,
  "reg_lambda": 3.135681594782636
}