{
  "n_estimators": 214,
  "max_depth": 4,
  "learning_rate": 0.05071812243865184,
  "subsample": 0.5540700896971378,
  "colsample_bytree": 0.694010375019329,
  "min_child_samples": 177,
  "reg_alpha": 0.05020885266861291,
  "reg_lambda": 2.3171479021874752
}