{
  "n_estimators": 577,
  "max_depth": 3,
  "learning_rate": 0.04531120421320258,
  "subsample": 0.5620222560184575,
  "colsample_bytree": 0.4127550012436985,
  "min_child_samples": 128,
  "reg_alpha": 0.08716184054664886,
  "reg_lambda": 0.9905969449679953
}