{
  "n_estimators": 407,
  "max_depth": 5,
  "learning_rate": 0.028008036745908932,
  "subsample": 0.601704251672631,
  "colsample_bytree": 0.47689252708753754,
  "min_child_samples": 175,
  "reg_alpha": 0.33576300536208137,
  "reg_lambda": 1.3622181649166927
}
