{
  "n_estimators": 283,
  "max_depth": 5,
  "learning_rate": 0.06198684823633812,
  "subsample": 0.7421166976621459,
  "colsample_bytree": 0.48200761046080637,
  "min_child_samples": 75,
  "reg_alpha": 0.15141356189011776,
  "reg_lambda": 2.398263614908385
}