{
  "n_estimators": 234,
  "max_depth": 3,
  "learning_rate": 0.011643416384246983,
  "subsample": 0.8259809414834797,
  "colsample_bytree": 0.4878089606567699,
  "min_child_samples": 167,
  "reg_alpha": 0.2508009757000236,
  "reg_lambda": 3.1041515014380803
}