{
  "n_estimators": 269,
  "max_depth": 3,
  "learning_rate": 0.06737249965741615,
  "subsample": 0.6335682562569577,
  "colsample_bytree": 0.6772864118954728,
  "min_child_samples": 113,
  "reg_alpha": 0.04855272149446174,
  "reg_lambda": 1.1407958246623984
}