{
  "n_estimators": 357,
  "max_depth": 5,
  "learning_rate": 0.0370936808777013,
  "subsample": 0.5278712468757552,
  "colsample_bytree": 0.5625269610346384,
  "min_child_samples": 179,
  "reg_alpha": 0.20467019378302925,
  "reg_lambda": 3.3076031665204955
}